系列	产品名	产品介绍	参考市场定价，中国国内定价	跨境电商定价（欧元€）
巧手非遗体验系列	蓝染奇趣盒	这款蓝染奇趣盲盒专为亲子手作打造，将传统蓝染工艺转化为充满惊喜的盲盒玩法。盒内随机搭配天然靛蓝染料、纯棉布料、不同款式的绑扎工具，还藏有神秘的蓝印花布经典纹样模板，每一次开箱都是未知的乐趣。家长和孩子可以携手解锁捆扎、夹染等玩法，在动手实践中探秘非遗工艺，收获专属于亲子的手作成就感与惊喜记忆。	89/套	11.99 €
巧手非遗体验系列	趣味拼豆创意盒	以蓝印花布经典纹样为灵感，打造专属亲子的趣味拼豆创意盒。盒内包含不同色系的拼豆、模板、熨烫纸、镊子等工具，图案涵盖缠枝莲、云纹、小蓝花等国风元素。家长可陪伴孩子对照模板拼搭，也能自由发挥创作新图案，在专注拼贴的过程中锻炼孩子的手眼协调能力，拼好的成品还能做成钥匙扣、冰箱贴。	69/套	9.49 €
巧手非遗体验系列	3D立体拼图	这款3D立体拼图取材于蓝印花布的经典应用场景，如江南水乡的乌篷船等，将国风美学与益智拼装相结合。拼图零件边缘光滑、咬合紧密，家长和孩子可以分工协作，一步步搭建出立体的国风场景。拼装过程中既能锻炼孩子的空间想象力与动手能力，又能在沉浸式体验中感受江南的雅致韵味，拼好的模型还能作为家居摆件，留存亲子协作的成就感。	79/套	10.99 €
巧手非遗体验系列	小小织布匠·扎染体验套装	集织布与扎染两大传统手工艺于一体的亲子体验套装，专为儿童设计迷你织布机，搭配纯棉纱线、靛蓝染料、绑扎绳等材料。家长可以陪孩子先在织布机上体验经纬交织的乐趣，织出小块布片，再用扎染工艺为织好的布料上色，亲手打造独属于自己的蓝印花布小物件。套装操作难度适中，让孩子在一织一染间感受传统手工艺的魅力，也让亲子互动充满创意与文化气息。	128/套	16.99 €
巧手非遗体验系列	手编团扇包	这款手编团扇包是亲子手作的创意之选，将手编工艺与蓝印花布元素巧妙融合。套装内含编织线材、蓝印花布贴片、团扇骨架、针线等材料，教程详细易懂。家长和孩子可以一起动手编织扇包主体，再将蓝印花布贴片装饰其上，制作出一把兼具实用性与观赏性的团扇包。成品既可作为夏日纳凉的团扇，又能当作小巧的零钱包收纳随身小物，每一针一线都饱含亲子协作的温馨时光。	109/套	14.49 €
				
宴席	主题桌旗	采用纯棉蓝印花布材质，纹样为 “缠枝莲”“宝相花” 等吉祥纹样，尺寸适配 8 人桌、10 人桌等常规宴席桌型，边缘做流苏或锁边处理，可搭配同纹样小桌旗用于签到台、甜品台	89-159 元 / 条	12.9-22.9€/ 条
宴席	席位卡与桌号牌	底座为实木材质，正面嵌入蓝印花布贴片，贴片纹样为 “小团花”“回纹”，席位卡标注宾客姓名，桌号牌为靛蓝底色 + 白色纹样数字	29-59 元 / 个	4.2-8.5€/ 个
宴席	餐具摆盘装饰垫	圆形小餐垫，材质为防水棉麻蓝印花布，纹样为 “缠枝纹”“卷草纹”，放置于餐盘底部，起装饰与防烫作用；配套餐花为蓝印花布折叠花，可搭配新鲜绿植点缀餐盘	19-39 元 / 个	2.7-5.6€/ 个
宴席	席位椅饰套装	包含椅套与椅背上挂饰，椅套选用弹力棉麻蓝印花布，纹样为简约回纹，仅包裹椅面与椅背上部；挂饰为蓝印花布香囊（内装檀香）或蝴蝶结（双层印花布叠加）	129-259 元 / 套	18.5-37.2€/ 套
宴席	蓝白渐变印花地毯	用于主舞台台阶、宾客通道，采用防滑材质，蓝白渐变印花设计	299-599 元 / 平方米	42.9-85.9€/ 平方米
宴席	蓝印花布包裹餐具套组	包含筷子、勺子、刀叉，餐具柄部为实木材质，外部包裹蓝印花布纹样贴片（纹样为 “回纹”“万字纹”）；配套抽绳式蓝印花布袋，印 “吉祥如意” 纹样	69-129 元 / 套	9.9-18.5€/ 套
宴席	纹样陶瓷餐具系列	含餐盘、汤碗、茶杯等，表面采用釉下彩工艺印制 “冰裂纹”“缠枝莲” 等蓝印花布经典纹样，色调为靛蓝与米白搭配	159-399 元 / 套	22.8-57.2€/ 套
宴席	饮品容器系列 - 玻璃杯	玻璃杯身印蓝印花布 “水波纹”“云纹”，配套可拆卸蓝印花布杯套（方便隔热）	49-89 元 / 个	7.0-12.8€/ 个
宴席	饮品容器系列 - 茶壶 / 茶罐	陶瓷材质，壶身、罐身印蓝白纹样，配套茶托为蓝印花布包裹实木材质	129-299 元 / 个	18.5-42.9€/ 个
宴席	宴席主题纪念相框	边框为实木材质，外层包裹蓝印花布吉祥云纹贴片，可用于宾客合影后即时打印放入	89-159 元 / 个	12.9-22.9€/ 个
宴席	定制化迎宾茶歇套装	包含蓝印花布纹样茶杯、茶碟、印花布茶巾（印有宴席主题文字），配套浅靛蓝印花布桌布、蓝白纹样点心托盘	299-599 元 / 套	42.9-85.9€/ 套
宴席	伴手礼礼盒	主体为蓝印花布包裹硬纸盒，盒面印 “喜”“福” 纹样与祥云纹组合，内部搭配蓝印花布周边小产品（纹样手帕、香包、茶杯垫等）+ 当地特色美食	199-499 元 / 盒	28.6-71.6€/ 盒
宴席	蓝印花布靠枕	纹样为 “大团花”“缠枝纹”，适配实木沙发或中式座椅	59-99 元 / 个	8.5-14.2€/ 个
宴席	嘉宾休息区桌布	蓝印花布纹样设计，适配休息区茶几	69-129 元 / 块	9.9-18.5€/ 块
				
空间装饰	餐桌用品（餐具、茶壶）	青花与蓝印花布意境呼应，瓷质餐具釉色清润，盘身浅绘山水纹理。器型简约趁手，盛餐时既衬食物色泽，又藏着中式美学的含蓄韵致，日常用餐也能品出雅致氛围感，是烟火气里的国风小确幸。	268 元 / 套	39.99€/ 套
空间装饰	沙发靠垫	以蓝印花布为料，白底晕染清雅荷纹，靛蓝底色衬出中式禅意。适配浅灰布艺沙发，触感柔糯透气，既添空间国风层次，又能舒缓倚靠时的腰背压力，是现代居家中藏着古韵的舒适点缀。	98 元 / 个	14.99€/ 个
空间装饰	床品三件套	青蓝调蓝印花布床品，浅纹竹枝舒展于素净面料上，质感亲肤垂顺。搭配木质床具，铺展后满是清雅国风氛围，睡感柔软透气，晨起时仿佛裹着江南晨雾的松弛，让寝居既具格调又裹满舒适。	428 元 / 套	64.99€/ 套
空间装饰	窗帘	蓝染花绫质地的蓝印花布窗帘，清雅花纹晕染其上，透光时光影朦胧如江南烟雨。挂于木格窗前，既柔化强光又保隐私，风吹帘动时，古韵与温柔裹满空间，是中式居家中藏着诗意的软装利器。	298元/对	44.99€/ 对
空间装饰	蓝印花布收纳筐	以传统国风蓝白花卉纹为设计，采用透气耐磨的棉麻面料，大容量可收纳衣物、杂物，搭配编织手提绳方便移动，既是客厅 / 卧室的整理利器，也能作为国风家居装饰，实用与颜值兼备。	35元/个	8.99€/ 个
空间装饰	蓝印花布木式台灯	精选天然实木框架，搭配传统蓝白缠枝纹印花布艺灯罩，复古国风韵味十足。暖光透过透气面料柔和散射，不刺眼更护目，适配卧室、书房或茶室场景，既是照明利器，也是国风家居的点睛装饰，兼具实用与收藏感。	189元/个	29.99€/个
空间装饰	蓝印花布屏风隔断	采用实木榫卯骨架 + 双层蓝印花布面板，印花选取经典莲纹 / 云纹，蓝白相映尽显东方雅致。可折叠设计方便收纳，既能划分空间、遮挡隐私，又能为客厅、茶室增添国风氛围，实用性与装饰性兼具。	399元/个	59.99€/个
空间装饰	蓝印花布笔筒	以实木为底座，包裹传统蓝白缠枝莲纹印花布艺，国风清雅韵味扑面而来。筒身尺寸适配日常笔、便签等桌面小物，摆于书桌、茶桌既能规整文具，又能成为中式软装的精巧点缀，小巧精致，实用与雅致兼顾。	45元/个	9.99€/个
空间装饰	鼠标垫	选用防滑橡胶底 + 棉麻蓝印花布面，触感亲肤耐磨，印花选取传统团花缠枝纹，蓝白清雅尽显国风韵味。尺寸适配常规鼠标操作，办公、游戏场景均适用，既是顺手的桌面外设，也能为书桌增添中式雅致细节，实用与颜值兼具。	45元/个	9.99€/个
空间装饰	蓝印花布壁纸	萃取传统蓝印花布经典纹样（缠枝莲、云纹），采用环保无纺布基材 + 防水耐磨印花层，蓝白清雅自带东方禅意。质感温润不反光，易铺贴易打理，适配客厅背景墙、卧室、茶室等空间，既能打造沉浸式国风家居氛围，又兼顾日常使用实用性，让传统美学融入生活细节。	99元/平方米	16.99€/平方米
